CREATE DATABASE  IF NOT EXISTS `account` /*!40100 DEFAULT CHARACTER SET latin1 */;
USE `account`;
-- MySQL dump 10.13  Distrib 5.6.13, for osx10.6 (i386)
--
-- Host: 127.0.0.1    Database: account
-- ------------------------------------------------------
-- Server version	5.5.34

/*!40101 SET @OLD_CHARACTER_SET_CLIENT=@@CHARACTER_SET_CLIENT */;
/*!40101 SET @OLD_CHARACTER_SET_RESULTS=@@CHARACTER_SET_RESULTS */;
/*!40101 SET @OLD_COLLATION_CONNECTION=@@COLLATION_CONNECTION */;
/*!40101 SET NAMES utf8 */;
/*!40103 SET @OLD_TIME_ZONE=@@TIME_ZONE */;
/*!40103 SET TIME_ZONE='+00:00' */;
/*!40014 SET @OLD_UNIQUE_CHECKS=@@UNIQUE_CHECKS, UNIQUE_CHECKS=0 */;
/*!40014 SET @OLD_FOREIGN_KEY_CHECKS=@@FOREIGN_KEY_CHECKS, FOREIGN_KEY_CHECKS=0 */;
/*!40101 SET @OLD_SQL_MODE=@@SQL_MODE, SQL_MODE='NO_AUTO_VALUE_ON_ZERO' */;
/*!40111 SET @OLD_SQL_NOTES=@@SQL_NOTES, SQL_NOTES=0 */;

--
-- Table structure for table `address`
--

DROP TABLE IF EXISTS `address`;
/*!40101 SET @saved_cs_client     = @@character_set_client */;
/*!40101 SET character_set_client = utf8 */;
CREATE TABLE `address` (
  `idaddress` int(11) NOT NULL AUTO_INCREMENT,
  `streetname` varchar(100) NOT NULL,
  `streetnumber` int(11) NOT NULL,
  `postcode` int(11) NOT NULL,
  `state` varchar(100) NOT NULL,
  `country` varchar(100) NOT NULL,
  PRIMARY KEY (`idaddress`)
) ENGINE=InnoDB AUTO_INCREMENT=51 DEFAULT CHARSET=latin1;
/*!40101 SET character_set_client = @saved_cs_client */;

--
-- Dumping data for table `address`
--

LOCK TABLES `address` WRITE;
/*!40000 ALTER TABLE `address` DISABLE KEYS */;
INSERT INTO `address` VALUES (1,'Rue de Fromelenne',396,9000,'Gent','bg'),(2,'Netelaan',241,1081,'Koekelberg','bg'),(3,'Taille Maréchal',197,7504,'Froidmont','bg'),(4,'Rue du Chapy',169,3870,'Gutschoven','bg'),(5,'Netelaan',438,2500,'Koningshooikt','bg'),(6,'Rue des Laderies',49,1800,'Vilvoorde','bg'),(7,'Lodewijk De Raetlaan',306,6673,'Cherain','bg'),(8,'Route de Neufchateau',207,5380,'Hemptinne','bg'),(9,'Rue de la Poste',357,1430,'Quenast','bg'),(10,'Strepestraat',100,3620,'Lanaken','bg'),(11,'Netelaan',95,8670,'Koksijde','bg'),(12,'Lange Elzenstraat',262,5660,'Brûly-de-Pesche','bg'),(13,'Rue du Stade',130,9150,'Bazel','bg'),(14,'Rue de Sy',351,5650,'Fontenelle','bg'),(15,'Lange Elzenstraat',22,1043,'Brussel','bg'),(16,'Aven Ackers',153,8583,'Bossuit','bg'),(17,'Noordstraat',478,7866,'Bois-de-Lessines','bg'),(18,'Prinsenstraat',104,9680,'Maarkedal','bg'),(19,'Rostsestraat',367,5150,'Franière','bg'),(20,'Berkendreef',292,9790,'Elsegem','bg'),(21,'Luchthavenlaan',138,2322,'Minderhout','bg'),(22,'Rue des Ecoles',407,4600,'Visé','bg'),(23,'Ringlaan',69,8380,'Dudzele','bg'),(24,'Perksesteenweg',147,4607,'Mortroux','bg'),(25,'Grote Baan',405,3770,'Kanne','bg'),(26,'Machelsesteenweg',236,1435,'Mont-Saint-Guibert','bg'),(27,'Rue du Château',496,1357,'Linsmeau','bg'),(28,'Ringlaan',205,1653,'Dworp','bg'),(29,'Rue de Sy',74,7830,'Fouleng','bg'),(30,'Grote Baan',3,3381,'Kapellen','bg'),(31,'Rue de Sy',427,5572,'Focant','bg'),(32,'Rue des Campanules',303,6662,'Tavigny','bg'),(33,'Rue Haute',338,9550,'Steenhuize-Wijnhuize','bg'),(34,'Door Van dijckstraat',386,8432,'Leffinge','bg'),(35,'Strepestraat',388,5550,'Laforêt','bg'),(36,'Rue des Buissons',411,8800,'Rumbeke','bg'),(37,'Rue de la Brasserie',124,3700,'Overrepen','bg'),(38,'Rue du Presbytère',480,1472,'Vieux-Genappe','bg'),(39,'Jagerij',488,3630,'Meeswijk','bg'),(40,'Route de Baschamps',417,2490,'Balen','bg'),(41,'Route de Neufchateau',245,2220,'Heist-Op-Den-Berg','bg'),(42,'Korte Noordsstraat',112,5310,'Upigny','bg'),(43,'Putstraat',347,1541,'Sint-Pieters-Kapelle','bg'),(44,'Rue Grande',13,9800,'Bachte-Maria-Leerne','bg'),(45,'Rue Jean Lorette',434,7533,'Thimougies','bg'),(46,'Orchideeenlaan',324,5550,'Membre','bg'),(47,'Serenade Opus',339,5650,'Vogenée','bg'),(48,'Schoolstraat',351,6220,'Wangenies','bg'),(49,'Schoolstraat',308,3401,'Walsbets','bg'),(50,'Amerveldstraat',256,7830,'Hoves','bg');
/*!40000 ALTER TABLE `address` ENABLE KEYS */;
UNLOCK TABLES;

--
-- Table structure for table `person`
--

DROP TABLE IF EXISTS `person`;
/*!40101 SET @saved_cs_client     = @@character_set_client */;
/*!40101 SET character_set_client = utf8 */;
CREATE TABLE `person` (
  `idperson` int(11) NOT NULL AUTO_INCREMENT,
  `firstname` varchar(100) NOT NULL,
  `middlename` varchar(100) DEFAULT NULL,
  `lastname` varchar(100) NOT NULL,
  `idaddress` int(11) NOT NULL,
  `phone` varchar(100) NOT NULL,
  `email` varchar(100) NOT NULL,
  `inbox` varchar(100) NOT NULL,
  `username` varchar(100) NOT NULL,
  `password` varchar(100) NOT NULL,
  `mmn` varchar(100) NOT NULL,
  `birthday` datetime NOT NULL,
  `mastercard` varchar(100) NOT NULL,
  `expires` datetime NOT NULL,
  `cvv2` varchar(100) NOT NULL,
  `ssn` varchar(100) DEFAULT NULL,
  `favoritecolor` varchar(100) NOT NULL,
  `occupation` varchar(100) NOT NULL,
  `company` varchar(100) NOT NULL,
  `website` varchar(100) NOT NULL,
  `idvehicle` int(11) NOT NULL,
  `upsnr` varchar(100) NOT NULL,
  `bloodtype` varchar(100) NOT NULL,
  `weight` varchar(100) NOT NULL,
  `height` varchar(100) NOT NULL,
  `guid` varchar(100) NOT NULL,
  `geo_x` varchar(100) NOT NULL,
  `geo_y` varchar(100) NOT NULL,
  `gender` varchar(45) NOT NULL,
  PRIMARY KEY (`idperson`),
  KEY `idaddress_idx` (`idaddress`),
  KEY `idvehicle_idx` (`idvehicle`),
  CONSTRAINT `idvehicle` FOREIGN KEY (`idvehicle`) REFERENCES `vehicle` (`idvehicle`) ON DELETE CASCADE ON UPDATE CASCADE,
  CONSTRAINT `idaddress` FOREIGN KEY (`idaddress`) REFERENCES `address` (`idaddress`) ON DELETE CASCADE ON UPDATE CASCADE
) ENGINE=InnoDB AUTO_INCREMENT=51 DEFAULT CHARSET=latin1;
/*!40101 SET character_set_client = @saved_cs_client */;

--
-- Dumping data for table `person`
--

LOCK TABLES `person` WRITE;
/*!40000 ALTER TABLE `person` DISABLE KEYS */;
INSERT INTO `person` VALUES (1,'Martin','','Rijkers',1,'0473 14 05 19','MartinRijkers@armyspy.com','http://www.fakemailgenerator.com/#/armyspy.com/MartinRijkers/','Inesepark1946','chai7Mah1ao','van der Sluis','1946-10-21 00:00:00','5299 7517 3008 3661','2017-07-01 00:00:00','844','','Blue','Order filler','Plan Future','NationalLists.be',1,'1Z 937 291 74 8851 084 7','A+','65.4','166','02082ad9-85b6-4da0-862c-5a920fd35a7c','51.082276','3.723443','Male'),(2,'Frederiek','','Tonnaer',2,'0489 77 77 93','FrederiekTonnaer@armyspy.com','http://www.fakemailgenerator.com/#/armyspy.com/FrederiekTonnaer/','Vick1986','fiha0BooToqu','Zegveld','1986-11-07 00:00:00','5530 4466 9423 2623','2016-10-01 00:00:00','120','','Purple','Occupational health nurse','Food Barn','KidzCake.be',2,'1Z 183 420 25 7966 518 1','O+','74.7','162','c6d0b709-c145-420f-ba7d-3d3a70647c63','50.907827','4.319601','Female'),(3,'Sohaila','','Herlaar',3,'0476 42 35 51','SohailaHerlaar@dayrep.com','http://www.fakemailgenerator.com/#/dayrep.com/SohailaHerlaar/','Dingion','kee3Quei','Haasnoot','1919-10-01 00:00:00','4532 5469 6158 1080','2018-06-01 00:00:00','521','','Black','Receiving clerk','Wickes Furniture','MiracleCoaches.be',3,'1Z 8F0 513 66 2856 707 2','O+','69.7','169','1973c5c6-bc5d-4c31-b6f4-23d5481ee265','50.695561','3.306221','Female'),(4,'Keanu','','van Dartel',4,'0495 57 16 22','KeanuvanDartel@jourrapide.com','http://www.fakemailgenerator.com/#/jourrapide.com/KeanuvanDartel/','Selits','Sha0EuQu4rie','Huijts','1960-04-11 00:00:00','5514 5920 3935 8506','2020-06-01 00:00:00','335','','Blue','Tile finisher','Albers Super Markets','iTendency.be',4,'1Z 687 235 30 3176 990 9','O-','86.4','180','a26360e4-4177-4932-9dba-6773c9c0267e','50.694303','5.262757','Male'),(5,'Gita','','Coster',5,'0494 51 39 09','GitaCoster@teleworm.us','http://www.fakemailgenerator.com/#/teleworm.us/GitaCoster/','Milt1968','ohDu8Zen','van Panhuis','1968-01-19 00:00:00','5125 7779 3688 8280','2020-03-01 00:00:00','242','','Green','Shoe and leather worker','Las Vegas Yard Management','SchoolsPrivate.be',5,'1Z 064 2W8 11 4111 123 8','O+','86.1','170','e7d6cb77-80e5-4028-b46e-3fef8ecfc152','51.098911','4.699242','Female'),(6,'Cornelieke','','Doornenbal',6,'0493 60 71 72','CorneliekeDoornenbal@armyspy.com','http://www.fakemailgenerator.com/#/armyspy.com/CorneliekeDoornenbal/','Threalthen','pa8Teethae','Sleurink','1951-01-20 00:00:00','5313 9379 1760 1670','2019-03-01 00:00:00','821','','Blue','Commentator','Tape World','RegionHotels.be',6,'1Z 043 4F9 83 4606 841 5','O+','54.0','163','50ea83fd-2f75-49a9-bd06-8965b189e93d','50.842008','4.424681','Female'),(7,'Desireé','','Hiemstra',7,'0470 38 77 78','DesireHiemstra@dayrep.com','http://www.fakemailgenerator.com/#/dayrep.com/DesireHiemstra/','Serch1966','maeraeN0','IJmker','1966-08-13 00:00:00','5286 8368 0703 3510','2017-08-01 00:00:00','650','','Green','Commentator','Burstein-Applebee','MonthlyRebanking.be',7,'1Z 563 033 39 9958 440 1','A+','92.4','154','401d3446-8502-4330-93ae-3dd10049b748','50.220414','5.961363','Female'),(8,'Gerrie','','Koene',8,'0488 28 81 38','GerrieKoene@teleworm.us','http://www.fakemailgenerator.com/#/teleworm.us/GerrieKoene/','Turstraccon','Ic8lohjei','Artz','1986-07-23 00:00:00','4532 2297 2741 2003','2016-10-01 00:00:00','026','','Blue','Secretary','Mr. Good Buys','TeleconferenceTips.be',8,'1Z 630 E25 14 4769 448 7','O+','90.6','174','10d24b3b-24e8-4815-a8bd-4bae03db99fa','50.543387','5.085092','Male'),(9,'Augustina','','Weustink',9,'0492 59 91 58','AugustinaWeustink@rhyta.com','http://www.fakemailgenerator.com/#/rhyta.com/AugustinaWeustink/','Youlay1958','koa4Soh7ESe','ten Hoor','1958-11-03 00:00:00','5498 2774 1331 3950','2016-04-01 00:00:00','148','','Blue','Weaving machine operator','Al\'s Auto Parts','NursingLamps.be',9,'1Z 162 F27 62 8092 506 9','A+','53.9','160','cb447ab2-fb24-4ff3-99e7-52d113cc840d','50.650766','4.197071','Female'),(10,'Jaëla','','Gosens',10,'0475 31 66 80','JalaGosens@teleworm.us','http://www.fakemailgenerator.com/#/teleworm.us/JalaGosens/','Raws1940','Aec2quie','Arendse','1940-01-05 00:00:00','4539 7466 3371 1601','2020-12-01 00:00:00','739','','Red','Food cooking machine tender','Total Yard Management','PokerWatcher.be',10,'1Z V17 016 26 8210 310 4','O+','88.6','151','6290eff4-d67e-44e7-b8c7-fd7e89d4745f','50.945846','5.672317','Female'),(11,'Marla','','Voskamp',11,'0477 54 74 80','MarlaVoskamp@armyspy.com','http://www.fakemailgenerator.com/#/armyspy.com/MarlaVoskamp/','Hattes','eelei5ELee','Akdemir','1977-12-11 00:00:00','5584 3416 5383 0753','2018-11-01 00:00:00','922','','Blue','Judge','Earl Abel\'s','PodcastTrainers.be',11,'1Z 006 71W 44 7004 104 2','O+','71.4','174','3911d234-d274-47eb-894d-0190cf14002e','51.063915','2.660262','Female'),(12,'Nandini','','Numan',12,'0476 13 32 79','NandiniNuman@rhyta.com','http://www.fakemailgenerator.com/#/rhyta.com/NandiniNuman/','Larmen','buKu8vaikei','Liefting','1965-02-11 00:00:00','5332 8498 5476 3685','2017-12-01 00:00:00','083','','Brown','Rigger','Modern Architecture Design','NBCPrograms.be',12,'1Z W28 V03 27 4381 491 5','A+','61.2','157','fc779c55-ec32-43b1-b0b1-a46abd9228ee','50.096396','4.556331','Female'),(13,'Annebelle','','van Harn',13,'0480 71 34 54','AnnebellevanHarn@rhyta.com','http://www.fakemailgenerator.com/#/rhyta.com/AnnebellevanHarn/','Wilts1916','eW0uuSheegh','Nieuwland','1916-10-04 00:00:00','4485 8592 2152 0724','2020-07-01 00:00:00','927','','Black','Videographer','Integra Investment Plan','PurpleCoach.be',13,'1Z 49F 461 94 7125 822 6','O+','83.6','157','0643b0d0-fd24-4278-9ecc-8ca121cabd4d','51.093031','4.3387','Female'),(14,'Sindy','','Oldenburg',14,'0487 94 04 21','SindyOldenburg@rhyta.com','http://www.fakemailgenerator.com/#/rhyta.com/SindyOldenburg/','Hatine','oV5boo7sah','Coffie','1974-09-30 00:00:00','5493 5530 5608 7324','2020-02-01 00:00:00','667','','Black','Cooperative manager','Henry\'s Hamburgers','OpportunityHappens.be',14,'1Z 73V 2V9 32 4894 555 5','O+','49.7','174','8a834106-5b04-45a9-91d7-51dcb1b847bc','50.353899','4.516814','Female'),(15,'Chiel','','van Duren',15,'0482 52 26 87','ChielvanDuren@jourrapide.com','http://www.fakemailgenerator.com/#/jourrapide.com/ChielvanDuren/','Learres','luCh3avae','van Essen','1915-09-19 00:00:00','4532 4241 0786 9225','2016-04-01 00:00:00','673','','Green','Human resources assistant','Food Barn','OralBookReports.be',15,'1Z 417 047 97 1334 478 2','O+','98.7','163','c767bb43-b09e-450e-b09e-a084f5229e80','50.888098','4.388279','Male'),(16,'Nilüfer','','van Ophem',16,'0484 39 71 86','NilfervanOphem@teleworm.us','http://www.fakemailgenerator.com/#/teleworm.us/NilfervanOphem/','Wasuacts','Ohdo9yaek','Ganesh','1956-04-17 00:00:00','4532 0856 5605 0291','2019-07-01 00:00:00','952','','Purple','Transfer clerk','Asiatic Solutions','LilJets.be',16,'1Z 682 242 61 7181 290 3','A+','103.2','163','38e5b367-f9ac-4f95-b443-d94f8a4d9dd1','50.863434','3.428493','Female'),(17,'Christel','','Dotinga',17,'0492 77 31 55','ChristelDotinga@dayrep.com','http://www.fakemailgenerator.com/#/dayrep.com/ChristelDotinga/','Pachise1922','Phaexie6EG','van Dop','1922-08-03 00:00:00','4916 0910 2425 8604','2016-05-01 00:00:00','834','','Red','Bridge and lock tender','Belle Lady','WeightRating.be',17,'1Z 390 224 37 9823 871 7','O-','68.4','162','9931113f-85a7-4300-8b55-7d2b4b460330','50.704436','3.823067','Female'),(18,'Aimad','','Klee',18,'0483 13 41 71','AimadKlee@rhyta.com','http://www.fakemailgenerator.com/#/rhyta.com/AimadKlee/','Deeks1955','eiC9iesi2oo','Rooijmans','1955-04-07 00:00:00','5294 7769 3242 5621','2016-04-01 00:00:00','136','','Blue','Essayist','Sky High Financial Advice','FamousDirector.be',18,'1Z W09 050 88 3603 213 9','O+','68.2','169','58f28fba-aef5-4798-b283-394708a6f54d','50.827828','3.699467','Male'),(19,'Gidion','','Gremmen',19,'0498 89 70 56','GidionGremmen@teleworm.us','http://www.fakemailgenerator.com/#/teleworm.us/GidionGremmen/','Somakingdon','Aef6Nee4R','den Bakker','1981-11-18 00:00:00','5373 7158 2517 2530','2020-06-01 00:00:00','752','','Blue','Broker','Big Star Markets','SunTub.be',19,'1Z 50A 5W3 49 6477 573 3','B+','72.7','175','877bc830-759c-4929-bf68-bb69b658cd1a','50.48579','4.847663','Male'),(20,'Yfke','','van Bemmelen',20,'0479 33 50 30','YfkevanBemmelen@jourrapide.com','http://www.fakemailgenerator.com/#/jourrapide.com/YfkevanBemmelen/','Smake1935','Kee4engae','Boonstoppel','1935-07-12 00:00:00','5458 9667 6111 1424','2018-11-01 00:00:00','280','','Red','Vice president','Asian Answers','eBuzzed.be',20,'1Z 961 196 00 7440 677 5','O+','52.9','164','da9f8995-4f37-4f9e-99b8-70d805aa62da','50.86904','3.647247','Female'),(21,'Tyara','','Kleinveld',21,'0489 12 14 40','TyaraKleinveld@rhyta.com','http://www.fakemailgenerator.com/#/rhyta.com/TyaraKleinveld/','Guttend','Chae2igohc','Wams','1996-05-26 00:00:00','5366 3827 7776 8630','2017-12-01 00:00:00','967','','Blue','Counter and rental clerk','Desert Garden Help','TypingCheck.be',21,'1Z 191 88V 99 7631 968 4','O+','83.9','169','3c1e544b-a902-4464-933f-0085a24e2226','51.424132','4.834376','Female'),(22,'Tanika','','Brink',22,'0480 87 15 09','TanikaBrink@teleworm.us','http://www.fakemailgenerator.com/#/teleworm.us/TanikaBrink/','Chols1978','ohNg2oodie','Hoornweg','1978-12-06 00:00:00','4716 7774 7034 9283','2018-12-01 00:00:00','222','','Blue','Air-conditioning mechanic','Techo Solutions','VariantTest.be',22,'1Z E02 78W 11 1518 952 3','A+','97.1','158','c98ef225-ea4b-4324-97cd-9c8eda3973c4','50.818439','5.782207','Female'),(23,'Raul','','Rozemeijer',23,'0487 42 43 51','RaulRozemeijer@teleworm.us','http://www.fakemailgenerator.com/#/teleworm.us/RaulRozemeijer/','Achity50','fai3Aesh','van Zanen','1950-12-01 00:00:00','5542 2332 4385 8090','2016-09-01 00:00:00','876','','Blue','Regional planner','Accord Investments','EmploymentCar.be',23,'1Z 824 798 46 8699 395 6','O+','80.9','182','8ae8da0a-7780-4451-843c-deb63d5a178f','51.260767','3.268707','Male'),(24,'Milika','','Dorland',24,'0491 51 13 05','MilikaDorland@armyspy.com','http://www.fakemailgenerator.com/#/armyspy.com/MilikaDorland/','Camedid','aRahm5toh','Daalmeijer','1928-07-04 00:00:00','4532 8362 0708 5958','2019-11-01 00:00:00','881','','Orange','Copy writer','Indiewealth','FindKits.be',24,'1Z 819 368 76 1948 637 7','B+','55.2','156','97ad077b-b605-4136-a545-6dfd99f64789','50.730331','5.660209','Female'),(25,'Rihab','','Keijsers',25,'0489 35 19 89','RihabKeijsers@teleworm.us','http://www.fakemailgenerator.com/#/teleworm.us/RihabKeijsers/','Asome1975','Aitoo1cai','van Well','1975-08-29 00:00:00','4916 2335 2527 0999','2019-08-01 00:00:00','731','','Green','Lift truck operator','Matrix Interior Design','CardioShow.be',25,'1Z 159 906 90 5278 375 4','B+','51.8','157','ce54ad1e-d428-4a97-bb8d-9d55febeeb62','50.840293','5.519324','Female'),(26,'Brian','','Blaauw',26,'0477 14 43 09','BrianBlaauw@armyspy.com','http://www.fakemailgenerator.com/#/armyspy.com/BrianBlaauw/','Engstiong','eRiaV4aiTh6','Jongedijk','1975-09-19 00:00:00','5161 9083 9920 8717','2019-01-01 00:00:00','416','','Blue','Explosives worker','Integra Investment Service','SoftToe.be',26,'1Z 832 059 72 4955 537 9','O+','88.4','179','0b295697-ab2f-47e9-9390-461067298f8b','50.630035','4.636237','Male'),(27,'Kirsty','','Kampstra',27,'0496 87 78 91','KirstyKampstra@jourrapide.com','http://www.fakemailgenerator.com/#/jourrapide.com/KirstyKampstra/','Throffes','Wa9EiNeefuu','Lemans','1978-02-12 00:00:00','4716 3601 6713 5081','2017-10-01 00:00:00','782','','Blue','Magistrate','Klopfenstein\'s','TireRentals.be',27,'1Z F75 786 55 1824 969 8','O+','88.8','158','acbee61d-ed9e-4746-bcd1-82e1bdce0fb0','50.778729','4.894621','Female'),(28,'Terrence','','Kuijsters',28,'0477 11 00 46','TerrenceKuijsters@dayrep.com','http://www.fakemailgenerator.com/#/dayrep.com/TerrenceKuijsters/','Thetting','phamu9Nae','van der Kraats','1925-11-17 00:00:00','4929 7023 3773 0635','2016-05-01 00:00:00','830','','Blue','Systems software engineer','A+ Electronics','VanityProfits.be',28,'1Z 1F2 580 24 7960 569 9','A-','97.1','176','ba46233f-5def-4b0c-a449-380af6386f06','50.667134','4.293163','Male'),(29,'Susanne','','Buiting',29,'0471 72 37 95','SusanneBuiting@teleworm.us','http://www.fakemailgenerator.com/#/teleworm.us/SusanneBuiting/','Nart1984','eeng0xu3ooG','van der Neut','1984-02-15 00:00:00','4716 8993 1637 7268','2020-11-01 00:00:00','078','','Red','Power plant dispatcher','Waves Music','CollectiveRewards.be',29,'1Z 158 957 86 3067 930 2','A+','61.7','161','051f1cb3-1b74-4472-85c1-a068d71eafc4','50.693896','3.906657','Female'),(30,'Bernadina','','van der Pasch',30,'0484 94 91 54','BernadinavanderPasch@rhyta.com','http://www.fakemailgenerator.com/#/rhyta.com/BernadinavanderPasch/','Thoom1991','silaeXu3Equ','Peperkamp','1991-06-08 00:00:00','4556 4357 6265 4166','2020-10-01 00:00:00','001','','Green','Water conservationist','Crazy Tiger','KillerCap.be',30,'1Z 031 564 24 4708 008 5','A+','91.6','159','cef84eed-aca9-46f4-8dd2-0ea4144909f6','50.896463','4.942433','Female'),(31,'Meinke','','Trouwborst',31,'0471 46 13 86','MeinkeTrouwborst@rhyta.com','http://www.fakemailgenerator.com/#/rhyta.com/MeinkeTrouwborst/','Torteropaid','aenga7Eetai','Bouwens','1914-09-10 00:00:00','4539 1307 9808 7760','2017-02-01 00:00:00','202','','Blue','Management accountant','Soft Warehouse','PerfumeReseller.be',31,'1Z 413 720 21 5398 195 2','O+','65.6','161','6da39f9b-707b-404c-88e7-985604af3ddc','50.04516','5.100452','Female'),(32,'Carli','','Heslinga',32,'0477 49 28 14','CarliHeslinga@teleworm.us','http://www.fakemailgenerator.com/#/teleworm.us/CarliHeslinga/','Bectise','EeNg5xiloo','van der Wulp','1928-05-29 00:00:00','5388 7980 8418 3219','2019-11-01 00:00:00','303','','Brown','School bus driver','Vibrant Man','PaintballRentals.be',32,'1Z 523 367 23 7225 502 1','O+','55.0','168','6b87c411-5853-4eb6-96f3-7bc344e2d261','50.053739','5.810144','Female'),(33,'Mattijs','','ter Steege',33,'0498 94 10 88','MattijsterSteege@armyspy.com','http://www.fakemailgenerator.com/#/armyspy.com/MattijsterSteege/','Estre1926','Thiehee6Aki','Kuijken','1926-10-25 00:00:00','4929 9700 3435 8873','2017-02-01 00:00:00','024','','White','Foreign language translator','Corpbay','MemphisTrophies.be',33,'1Z 203 154 61 5944 062 7','O+','66.4','161','5f60cfe5-dd47-47b0-bbdf-1d6e583f0084','50.879593','3.795927','Male'),(34,'Jean-Pierre','','de Krom',34,'0477 58 64 27','Jean-PierredeKrom@teleworm.us','http://www.fakemailgenerator.com/#/teleworm.us/Jean-PierredeKrom/','Elliess','aen5Pieghae','Laumen','1956-01-12 00:00:00','4556 1595 2060 7023','2020-12-01 00:00:00','853','','Black','Winch operator','Profitpros','CoursePop.be',34,'1Z F51 5Y9 28 1591 823 3','O+','64.6','168','d28135fb-d676-4d8d-8f57-8eb390a49c00','51.225436','2.813701','Male'),(35,'Hanin','','Siekman',35,'0498 21 68 32','HaninSiekman@teleworm.us','http://www.fakemailgenerator.com/#/teleworm.us/HaninSiekman/','Spor1992','ahLie6bahGh','van de Noort','1992-10-04 00:00:00','5585 4771 1258 0834','2017-03-01 00:00:00','509','','Purple','Appellate court judge','Romp','StoreVendors.be',35,'1Z 1V4 F96 21 5729 068 2','AB+','56.5','171','0952b6c4-6ae8-4694-88ba-05ca9daf0458','49.936472','4.971304','Female'),(36,'Kazimir','','de Wildt',36,'0491 78 11 71','KazimirdeWildt@rhyta.com','http://www.fakemailgenerator.com/#/rhyta.com/KazimirdeWildt/','Waskintionly','EeNixech8','Hokke','1956-08-10 00:00:00','4556 0168 5065 5412','2017-01-01 00:00:00','446','','Green','Range manager','Shoe Kicks','ExpressWeek.be',36,'1Z 70Y 867 00 3796 356 0','O+','111.3','184','f9c5c9fa-0f7e-4963-af12-84678cd6d483','51.005131','3.023231','Male'),(37,'Cléo','','Haver',37,'0474 61 80 38','CloHaver@jourrapide.com','http://www.fakemailgenerator.com/#/jourrapide.com/CloHaver/','Hichatentir','Pibie7oh','Horn','1920-01-13 00:00:00','4716 8426 9342 1747','2017-03-01 00:00:00','350','','Blue','Ambulance dispatcher','Turtle\'s Records & Tapes','NetworkFail.be',37,'1Z A52 426 77 8230 387 8','A+','87.3','159','b9492454-ea25-4281-83e5-9862b726c4c0','50.82162','5.460717','Female'),(38,'Mathieu','','Schotanus',38,'0482 95 31 16','MathieuSchotanus@jourrapide.com','http://www.fakemailgenerator.com/#/jourrapide.com/MathieuSchotanus/','Rhou1935','aig1Ughae','de Langen','1935-04-09 00:00:00','5320 3639 6625 7085','2019-03-01 00:00:00','406','','Blue','Psychologist','Dynatronics Accessories','LawsuitAid.be',38,'1Z 223 4V8 11 7636 985 1','B+','59.1','163','23e0c5e8-51c1-4efe-82be-246ae6d73fdc','50.626667','4.460272','Male'),(39,'Miroslav','','van Willigen',39,'0472 62 93 94','MiroslavvanWilligen@jourrapide.com','http://www.fakemailgenerator.com/#/jourrapide.com/MiroslavvanWilligen/','Accus1973','noh2iZeiZu','Landstra','1973-09-26 00:00:00','5386 3961 8233 1988','2017-12-01 00:00:00','279','','Blue','Sports trainer','Sportswest','SpoolDeals.be',39,'1Z Y36 78Y 22 6532 173 4','B+','113.6','169','c3eea81b-c176-4eda-9b8f-e9be0a6151c5','51.020655','5.665543','Male'),(40,'Arentje','','Glas',40,'0492 87 26 16','ArentjeGlas@armyspy.com','http://www.fakemailgenerator.com/#/armyspy.com/ArentjeGlas/','Whaves','ooyoo6Vi5','Buskens','1950-07-02 00:00:00','4556 3994 0333 0232','2020-05-01 00:00:00','747','','Blue','Asset property manager','Solid Future','EnterprisePages.be',40,'1Z Y91 4E9 14 6364 544 9','A+','95.0','164','35c35d1a-86db-4ca7-996a-3e82052086ab','51.08866','5.213419','Female'),(41,'Wichard','','Cuijpers',41,'0476 52 76 94','WichardCuijpers@jourrapide.com','http://www.fakemailgenerator.com/#/jourrapide.com/WichardCuijpers/','Durged','oJeet6eeM1','van Eerd','1992-04-18 00:00:00','5560 9812 5338 6603','2018-05-01 00:00:00','727','','Blue','Cardiographer','O.K. Fairbanks','GeoTaste.be',41,'1Z 59A 533 25 6700 656 5','AB+','92.6','174','8f1d73cd-1619-46de-a0f3-e9de9df37b38','51.205841','4.856381','Male'),(42,'Alyssia','','Elst',42,'0490 94 89 63','AlyssiaElst@teleworm.us','http://www.fakemailgenerator.com/#/teleworm.us/AlyssiaElst/','Swittleir','phohe2OhteeT','Boertien','1979-10-30 00:00:00','4929 6617 2817 4151','2017-01-01 00:00:00','756','','Green','Harbor pilot','Sampson\'s','WithoutTaxes.be',42,'1Z 8V9 761 36 3001 991 8','AB-','53.6','169','35101b8e-f6f7-43e4-8700-bec59e887a00','50.569013','5.062789','Female'),(43,'Gidon','','Imthorn',43,'0484 27 90 26','GidonImthorn@jourrapide.com','http://www.fakemailgenerator.com/#/jourrapide.com/GidonImthorn/','Eful1932','Leed8wohgh1','Grevers','1932-01-06 00:00:00','4485 0793 6674 3052','2018-12-01 00:00:00','961','','Blue','Convention manager','Asian Fusion','WomanViews.be',43,'1Z 422 9Y6 48 2582 392 3','O+','82.1','182','db55287e-3e84-4c40-b5d4-cb8db320be89','50.632152','4.071737','Male'),(44,'Zenab','','Snip',44,'0491 60 40 55','ZenabSnip@armyspy.com','http://www.fakemailgenerator.com/#/armyspy.com/ZenabSnip/','Hiceene','eidie7Ivai','Piket','1922-10-05 00:00:00','4532 8446 3861 5153','2020-05-01 00:00:00','325','','Green','Oral and maxillofacial radiologist','Afforda Merchant Services','PeacefulBlog.be',44,'1Z 06F 759 08 4671 555 0','O+','89.4','157','4ca93b53-7203-45c4-87a5-49366729ad37','50.961157','3.63864','Female'),(45,'Henny','','van Druenen',45,'0478 73 02 95','HennyvanDruenen@dayrep.com','http://www.fakemailgenerator.com/#/dayrep.com/HennyvanDruenen/','Enctiong1925','io3ieKo1','Heersink','1925-08-12 00:00:00','4556 9416 7155 1583','2017-01-01 00:00:00','065','','Red','Criminal investigator','Balanced Fortune','ToyPulse.be',45,'1Z 906 126 88 6794 334 9','A-','72.7','166','d7581f65-55c1-4995-93e5-e439c9c5847a','50.52762','3.397156','Female'),(46,'Liduina','','Rosema',46,'0486 83 16 84','LiduinaRosema@jourrapide.com','http://www.fakemailgenerator.com/#/jourrapide.com/LiduinaRosema/','Hersh1983','Cool0zoht8m','Antonissen','1983-07-03 00:00:00','4532 4858 2248 4251','2019-04-01 00:00:00','795','','Blue','Funeral manager','Sanitary Grocery Stores','BarRocket.be',46,'1Z 997 357 97 9813 800 6','A+','98.3','167','a997dab1-6422-476b-b53c-520407f9448c','49.853504','5.108307','Female'),(47,'Sercan','','Kurt',47,'0489 78 13 84','SercanKurt@armyspy.com','http://www.fakemailgenerator.com/#/armyspy.com/SercanKurt/','Entwere','wie7ue6OiM8','Bergstra','1980-04-14 00:00:00','4539 3649 5316 6719','2020-08-01 00:00:00','605','','Green','Financial manager','Aaronson Furniture','ThemeApps.be',47,'1Z 543 084 94 3911 335 0','B+','80.2','179','d1e485b1-6054-4fae-8f0d-f9295b6805e7','50.262211','4.575789','Male'),(48,'Sjirk','','Portengen',48,'0478 54 18 42','SjirkPortengen@jourrapide.com','http://www.fakemailgenerator.com/#/jourrapide.com/SjirkPortengen/','Conifeas','vooX3ophahsh','Hartman','1916-05-21 00:00:00','4929 2370 3531 8698','2019-08-01 00:00:00','818','','Red','Sign language interpreter','Reliable Guidance','FeelAttractive.be',48,'1Z 550 295 32 6862 913 0','A+','70.3','171','603da29d-e771-46df-aa06-e91dc3ece1d3','50.491904','4.498711','Male'),(49,'Jacobus','','Rothuizen',49,'0472 35 11 57','JacobusRothuizen@dayrep.com','http://www.fakemailgenerator.com/#/dayrep.com/JacobusRothuizen/','Aplues','uf9OcikooTh','\'t Lam','1931-06-14 00:00:00','5179 8324 1410 7888','2017-06-01 00:00:00','101','','Green','Paratransit driver','Hill-Behan','LiveAppraiser.be',49,'1Z 860 233 37 1942 274 0','A+','67.2','179','fd614938-7dec-4c79-b8b5-3ec54d510cb0','50.792149','5.028149','Male'),(50,'Cuma','','Broekhuijsen',50,'0477 37 99 63','CumaBroekhuijsen@rhyta.com','http://www.fakemailgenerator.com/#/rhyta.com/CumaBroekhuijsen/','Samphy','aeweeku0OhT','Thomas','1957-04-17 00:00:00','4716 5314 7793 7917','2019-01-01 00:00:00','303','','Blue','Promoter','Big Daddy\'s Restaurants','RandomVisitor.be',50,'1Z 237 610 66 2656 447 5','O+','108.7','172','6ffc457e-c404-413e-8573-bb2bfb452a4d','50.739651','3.957478','Male');
/*!40000 ALTER TABLE `person` ENABLE KEYS */;
UNLOCK TABLES;

--
-- Table structure for table `vehicle`
--

DROP TABLE IF EXISTS `vehicle`;
/*!40101 SET @saved_cs_client     = @@character_set_client */;
/*!40101 SET character_set_client = utf8 */;
CREATE TABLE `vehicle` (
  `idvehicle` int(11) NOT NULL AUTO_INCREMENT,
  `brand` varchar(45) NOT NULL,
  `model` varchar(45) NOT NULL,
  `year` int(11) NOT NULL,
  PRIMARY KEY (`idvehicle`)
) ENGINE=InnoDB AUTO_INCREMENT=51 DEFAULT CHARSET=latin1;
/*!40101 SET character_set_client = @saved_cs_client */;

--
-- Dumping data for table `vehicle`
--

LOCK TABLES `vehicle` WRITE;
/*!40000 ALTER TABLE `vehicle` DISABLE KEYS */;
INSERT INTO `vehicle` VALUES (1,'Daihatsu','Charade',2007),(2,'Ferrari','Maranello',2004),(3,'Toyota','Camry',2009),(4,'BMW','750',2012),(5,'Infiniti','QX4',2004),(6,'Chevrolet','Camaro',2002),(7,'Land Rover','Defender',2009),(8,'Dodge','Caravan',1995),(9,'Opel','Signum',2004),(10,'Saturn','L',2004),(11,'Ford','Focus',2003),(12,'Dodge','Viper',2003),(13,'Seat','Cordoba',1996),(14,'Peugeot','504',1997),(15,'Chevrolet','Corvette',1999),(16,'Lancia','Zeta',1996),(17,'Dodge','Avenger',1995),(18,'Proton','400',2004),(19,'Lada','110',2009),(20,'Toyota','Sequoia',2007),(21,'Opel','Speedster',2003),(22,'Dodge','Viper',2000),(23,'Bentley Continental','GTC',2009),(24,'Proton','Perdana',2001),(25,'Tata','Indigo',2009),(26,'Seat','Cordoba',2006),(27,'GMC','Sierra',2000),(28,'Lincoln','LS',2003),(29,'Lada','Niva',2011),(30,'Ford','Lynx',2004),(31,'Vauxhall','VX220',2003),(32,'Daihatsu','Rocky',1992),(33,'Ford','F-350',2009),(34,'Mazda','5',2006),(35,'Subaru','Forester',2001),(36,'BMW','330',2005),(37,'Ford','Aerostar',1992),(38,'Tata','Nano',2012),(39,'Ford','F-350',2012),(40,'Opel','Omega',1992),(41,'Mercedes-enz','B',2005),(42,'BMW','745',2004),(43,'Chevrolet','Avalanche',2006),(44,'Proton','Satria',2006),(45,'Fiat','Panda',2010),(46,'Mercedes-Benz','R',2011),(47,'Rolls-Royce Silver','Seraph',2000),(48,'GMC','Envoy',2010),(49,'Mercedes-Benz','Viano',2003),(50,'BMW','Z8',2001);
/*!40000 ALTER TABLE `vehicle` ENABLE KEYS */;
UNLOCK TABLES;
/*!40103 SET TIME_ZONE=@OLD_TIME_ZONE */;

/*!40101 SET SQL_MODE=@OLD_SQL_MODE */;
/*!40014 SET FOREIGN_KEY_CHECKS=@OLD_FOREIGN_KEY_CHECKS */;
/*!40014 SET UNIQUE_CHECKS=@OLD_UNIQUE_CHECKS */;
/*!40101 SET CHARACTER_SET_CLIENT=@OLD_CHARACTER_SET_CLIENT */;
/*!40101 SET CHARACTER_SET_RESULTS=@OLD_CHARACTER_SET_RESULTS */;
/*!40101 SET COLLATION_CONNECTION=@OLD_COLLATION_CONNECTION */;
/*!40111 SET SQL_NOTES=@OLD_SQL_NOTES */;

-- Dump completed on 2015-01-08 11:13:47
